norm_age, norm_income, norm_children, Female, Male, rg_INNER_CITY, rg_RURAL, rg_SUBURBAN, rg_TOWN, married_YES, married_NO, car_YES, car_NO, savings_acct_YES, savings_acct_NO, current_acct_YES, current_acct_NO, mortgage_YES, mortgage_NO, pep_YES, pep_NO
0.612245,0.215634,0.333333,1,0,1,0,0,0,0,1,0,1,0,1,0,1,0,1,1,0
0.448980,0.431395,1.000000,0,1,0,0,0,1,1,0,1,0,0,1,1,0,1,0,0,1
0.673469,0.198933,0.000000,1,0,1,0,0,0,1,0,1,0,1,0,1,0,0,1,0,1
0.102041,0.264320,1.000000,1,0,0,0,0,1,1,0,0,1,0,1,1,0,0,1,0,1
0.795918,0.783987,0.000000,1,0,0,1,0,0,1,0,0,1,1,0,0,1,0,1,0,1
0.795918,0.565343,0.666667,1,0,0,0,0,1,1,0,0,1,1,0,1,0,0,1,1,0
0.081633,0.066468,0.000000,0,1,0,1,0,0,0,1,0,1,0,1,1,0,0,1,1,0
0.816327,0.342977,0.000000,0,1,0,0,0,1,1,0,1,0,1,0,1,0,0,1,0,1
0.387755,0.349132,0.666667,1,0,0,0,1,0,1,0,1,0,0,1,0,1,0,1,0,1
0.734694,0.330338,0.666667,0,1,0,0,0,1,1,0,1,0,1,0,1,0,0,1,0,1
0.979592,0.942766,0.000000,1,0,0,0,0,1,1,0,0,1,1,0,1,0,0,1,0,1
0.693878,0.372438,0.000000,1,0,1,0,0,0,0,1,1,0,1,0,1,0,1,0,0,1
0.530612,0.184486,0.333333,1,0,0,0,0,1,1,0,0,1,1,0,1,0,1,0,1,0
0.979592,0.863628,0.333333,1,0,0,0,0,1,1,0,1,0,1,0,1,0,1,0,1,0
0.367347,0.248820,0.000000,0,1,0,1,0,0,1,0,0,1,1,0,1,0,1,0,0,1
0.408163,0.298161,0.000000,1,0,1,0,0,0,1,0,1,0,1,0,1,0,1,0,0,1
0.387755,0.218797,0.666667,1,0,0,0,0,1,1,0,0,1,0,1,0,1,1,0,0,1
0.571429,0.619483,0.000000,1,0,0,0,1,0,1,0,0,1,1,0,0,1,1,0,0,1
0.897959,0.376747,0.000000,1,0,1,0,0,0,1,0,0,1,1,0,0,1,0,1,1,0
0.265306,0.301270,0.000000,0,1,0,0,0,1,1,0,1,0,1,0,1,0,0,1,0,1
0.877551,0.909674,0.666667,0,1,1,0,0,0,1,0,0,1,1,0,0,1,0,1,1,0
0.653061,0.197590,0.666667,0,1,0,0,0,1,1,0,0,1,1,0,1,0,0,1,0,1
0.734694,0.575271,0.000000,0,1,1,0,0,0,1,0,0,1,1,0,1,0,0,1,0,1
0.183673,0.181097,0.000000,1,0,0,0,0,1,0,1,1,0,1,0,1,0,1,0,0,1
0.081633,0.131222,0.666667,0,1,1,0,0,0,0,1,1,0,1,0,1,0,0,1,0,1
0.775510,0.619792,0.000000,0,1,1,0,0,0,1,0,1,0,1,0,1,0,1,0,0,1
0.551020,0.271793,0.000000,0,1,1,0,0,0,1,0,0,1,1,0,1,0,1,0,0,1
0.428571,0.259822,0.333333,1,0,0,0,0,1,1,0,0,1,0,1,1,0,0,1,1,0
0.428571,0.418902,1.000000,1,0,1,0,0,0,0,1,1,0,0,1,1,0,1,0,0,1
0.877551,0.331336,0.333333,0,1,0,1,0,0,1,0,0,1,0,1,1,0,0,1,1,0
0.877551,0.308499,0.666667,1,0,0,1,0,0,1,0,0,1,1,0,1,0,0,1,0,1
0.040816,0.194639,0.666667,1,0,0,0,0,1,1,0,0,1,1,0,0,1,0,1,0,1
0.551020,0.317108,0.333333,0,1,0,0,1,0,1,0,1,0,1,0,1,0,0,1,1,0
0.306122,0.428576,1.000000,1,0,1,0,0,0,0,1,1,0,1,0,0,1,0,1,0,1
0.510204,0.559360,0.000000,0,1,0,0,1,0,0,1,0,1,1,0,1,0,0,1,1,0
0.183673,0.255589,0.666667,1,0,1,0,0,0,1,0,0,1,1,0,1,0,0,1,0,1
0.020408,0.102189,1.000000,0,1,0,1,0,0,1,0,1,0,1,0,1,0,0,1,0,1
0.367347,0.143967,0.000000,1,0,0,1,0,0,0,1,1,0,0,1,1,0,0,1,1,0
0.510204,0.232124,0.000000,1,0,0,0,0,1,1,0,1,0,1,0,1,0,0,1,0,1
0.979592,0.350632,0.666667,1,0,0,0,1,0,0,1,0,1,0,1,1,0,0,1,0,1
0.755102,0.374424,0.000000,0,1,0,0,0,1,1,0,0,1,0,1,1,0,1,0,1,0
0.591837,0.377494,0.000000,1,0,1,0,0,0,1,0,1,0,0,1,1,0,0,1,0,1
1.000000,0.872434,0.666667,0,1,0,0,0,1,0,1,1,0,1,0,0,1,0,1,1,0
0.285714,0.388143,0.000000,1,0,0,0,0,1,1,0,1,0,0,1,1,0,1,0,0,1
0.040816,0.150145,0.666667,0,1,1,0,0,0,0,1,1,0,1,0,1,0,1,0,0,1
0.938776,0.820023,0.666667,0,1,1,0,0,0,1,0,0,1,1,0,1,0,1,0,1,0
0.653061,0.142297,0.333333,1,0,1,0,0,0,0,1,1,0,1,0,1,0,0,1,1,0
0.224490,0.139246,0.666667,0,1,1,0,0,0,0,1,0,1,1,0,1,0,1,0,1,0
0.693878,0.594219,0.666667,0,1,1,0,0,0,0,1,1,0,0,1,1,0,0,1,1,0
0.591837,0.221163,0.666667,1,0,0,1,0,0,1,0,1,0,1,0,0,1,0,1,0,1
0.122449,0.159947,0.666667,0,1,0,0,0,1,0,1,1,0,1,0,0,1,0,1,0,1
0.367347,0.324878,0.000000,0,1,0,0,0,1,1,0,0,1,0,1,0,1,0,1,0,1
0.510204,0.193501,0.333333,0,1,0,0,0,1,1,0,0,1,1,0,1,0,0,1,1,0
0.612245,0.426388,0.333333,0,1,0,0,1,0,0,1,0,1,1,0,1,0,0,1,1,0
0.918367,0.891809,0.000000,0,1,0,0,0,1,1,0,0,1,1,0,1,0,1,0,0,1
0.693878,0.736831,1.000000,1,0,0,1,0,0,0,1,0,1,1,0,0,1,0,1,1,0
0.816327,0.343508,0.000000,1,0,1,0,0,0,0,1,0,1,0,1,1,0,0,1,1,0
0.204082,0.311631,0.000000,0,1,1,0,0,0,1,0,0,1,1,0,1,0,0,1,1,0
0.224490,0.174300,0.000000,1,0,1,0,0,0,1,0,0,1,0,1,1,0,0,1,0,1
0.326531,0.349648,0.333333,0,1,1,0,0,0,0,1,1,0,1,0,1,0,1,0,1,0
0.489796,0.339823,0.333333,1,0,1,0,0,0,1,0,0,1,1,0,1,0,1,0,1,0
0.959184,0.543307,0.333333,1,0,1,0,0,0,0,1,1,0,0,1,1,0,0,1,1,0
0.591837,0.378698,0.666667,0,1,1,0,0,0,1,0,0,1,1,0,1,0,0,1,0,1
0.040816,0.115049,0.000000,0,1,1,0,0,0,1,0,0,1,1,0,0,1,0,1,0,1
0.061224,0.000000,0.000000,0,1,0,0,0,1,0,1,1,0,1,0,1,0,1,0,0,1
0.489796,0.212952,0.000000,0,1,1,0,0,0,1,0,0,1,1,0,1,0,0,1,0,1
0.020408,0.100606,0.666667,0,1,0,0,0,1,0,1,0,1,1,0,1,0,0,1,0,1
0.469388,0.514123,0.000000,1,0,0,0,0,1,0,1,0,1,1,0,1,0,1,0,0,1
0.244898,0.247590,0.666667,0,1,0,0,0,1,0,1,0,1,1,0,1,0,0,1,0,1
0.265306,0.093394,0.666667,1,0,0,1,0,0,1,0,0,1,0,1,1,0,0,1,1,0
0.142857,0.155735,1.000000,0,1,1,0,0,0,1,0,1,0,1,0,1,0,0,1,0,1
0.061224,0.052456,0.000000,0,1,1,0,0,0,0,1,0,1,0,1,1,0,0,1,1,0
0.367347,0.464035,1.000000,0,1,1,0,0,0,1,0,1,0,1,0,1,0,1,0,1,0
0.816327,0.312880,0.666667,1,0,1,0,0,0,1,0,0,1,1,0,0,1,1,0,0,1
0.938776,0.820082,0.666667,1,0,1,0,0,0,0,1,1,0,1,0,1,0,0,1,1,0
0.836735,0.526470,0.666667,1,0,0,1,0,0,0,1,1,0,0,1,0,1,0,1,1,0
0.551020,0.377415,0.000000,1,0,0,0,0,1,0,1,0,1,1,0,1,0,1,0,0,1
0.877551,0.764722,0.333333,0,1,1,0,0,0,1,0,1,0,1,0,1,0,1,0,1,0
0.244898,0.167085,0.000000,1,0,1,0,0,0,1,0,1,0,0,1,1,0,0,1,0,1
0.816327,0.507790,0.666667,1,0,0,0,0,1,1,0,1,0,1,0,0,1,0,1,1,0
0.653061,0.293171,1.000000,1,0,0,0,0,1,0,1,0,1,1,0,1,0,0,1,1,0
0.244898,0.392214,1.000000,0,1,1,0,0,0,0,1,0,1,0,1,1,0,0,1,0,1
0.224490,0.130381,0.333333,1,0,1,0,0,0,1,0,0,1,1,0,1,0,0,1,0,1
0.346939,0.195819,0.333333,0,1,1,0,0,0,1,0,0,1,1,0,1,0,0,1,1,0
0.897959,0.327138,0.000000,0,1,1,0,0,0,1,0,0,1,0,1,1,0,1,0,1,0
0.367347,0.458892,0.333333,0,1,1,0,0,0,1,0,1,0,1,0,1,0,0,1,1,0
0.142857,0.180859,0.000000,1,0,1,0,0,0,1,0,0,1,1,0,1,0,0,1,0,1
0.979592,0.301948,0.000000,1,0,0,0,0,1,0,1,1,0,1,0,1,0,1,0,0,1
0.244898,0.186429,0.000000,0,1,0,0,1,0,1,0,1,0,1,0,0,1,1,0,0,1
0.734694,0.448782,0.666667,1,0,1,0,0,0,1,0,0,1,0,1,1,0,0,1,1,0
0.387755,0.340704,0.333333,0,1,0,0,0,1,1,0,1,0,0,1,1,0,1,0,1,0
0.204082,0.351282,0.666667,1,0,1,0,0,0,0,1,0,1,1,0,1,0,1,0,0,1
0.714286,0.513668,0.000000,1,0,0,1,0,0,0,1,0,1,0,1,1,0,0,1,1,0
0.877551,0.646379,0.666667,0,1,1,0,0,0,1,0,1,0,1,0,1,0,0,1,0,1
0.877551,0.621400,0.000000,1,0,1,0,0,0,1,0,1,0,1,0,0,1,0,1,0,1
0.000000,0.085620,0.000000,1,0,1,0,0,0,1,0,0,1,1,0,1,0,0,1,0,1
0.081633,0.050492,0.333333,0,1,1,0,0,0,1,0,0,1,0,1,0,1,1,0,0,1
0.326531,0.444914,0.666667,0,1,0,0,0,1,1,0,1,0,1,0,1,0,1,0,1,0
0.346939,0.122369,0.666667,1,0,1,0,0,0,0,1,0,1,1,0,1,0,0,1,0,1
0.000000,0.177829,0.000000,1,0,0,1,0,0,1,0,1,0,0,1,1,0,0,1,0,1
0.734694,0.373283,0.333333,0,1,1,0,0,0,1,0,0,1,1,0,1,0,1,0,1,0
0.183673,0.113397,0.666667,1,0,1,0,0,0,1,0,1,0,1,0,1,0,0,1,0,1
0.489796,0.180427,0.000000,0,1,1,0,0,0,1,0,1,0,0,1,1,0,1,0,1,0
0.510204,0.483074,0.000000,0,1,0,0,0,1,0,1,0,1,1,0,1,0,1,0,0,1
0.938776,0.507596,0.333333,1,0,1,0,0,0,1,0,0,1,1,0,1,0,0,1,1,0
0.510204,0.471150,1.000000,0,1,0,0,0,1,1,0,1,0,1,0,1,0,0,1,0,1
0.632653,0.716134,0.000000,0,1,0,1,0,0,1,0,1,0,1,0,0,1,0,1,0,1
0.102041,0.138098,0.000000,0,1,1,0,0,0,1,0,0,1,0,1,1,0,0,1,0,1
0.102041,0.131938,0.000000,0,1,1,0,0,0,0,1,0,1,1,0,1,0,0,1,1,0
0.244898,0.327230,0.666667,1,0,1,0,0,0,1,0,1,0,1,0,1,0,1,0,0,1
0.367347,0.556066,0.666667,0,1,0,0,0,1,0,1,0,1,1,0,1,0,0,1,1,0
0.326531,0.349629,1.000000,0,1,1,0,0,0,1,0,1,0,0,1,0,1,1,0,0,1
0.673469,0.552000,0.000000,1,0,1,0,0,0,1,0,1,0,0,1,1,0,0,1,0,1
0.367347,0.492402,0.666667,0,1,0,0,0,1,0,1,1,0,1,0,1,0,0,1,1,0
0.775510,0.657548,0.333333,0,1,1,0,0,0,1,0,1,0,1,0,1,0,0,1,1,0
0.734694,0.736160,0.000000,1,0,1,0,0,0,1,0,0,1,1,0,1,0,0,1,0,1
0.775510,0.287634,0.666667,1,0,0,0,0,1,1,0,0,1,1,0,0,1,0,1,0,1
0.163265,0.086549,1.000000,0,1,1,0,0,0,1,0,0,1,1,0,1,0,1,0,0,1
0.428571,0.210887,0.000000,0,1,0,0,0,1,0,1,1,0,0,1,0,1,0,1,1,0
0.938776,0.701199,1.000000,1,0,0,1,0,0,1,0,1,0,1,0,1,0,0,1,1,0
0.571429,0.421766,0.666667,0,1,0,1,0,0,0,1,0,1,1,0,0,1,1,0,0,1
0.897959,0.857762,0.333333,1,0,0,1,0,0,1,0,1,0,1,0,1,0,0,1,1,0
0.367347,0.271609,0.333333,1,0,0,0,0,1,1,0,0,1,1,0,0,1,1,0,1,0
0.346939,0.482038,0.333333,1,0,0,1,0,0,0,1,0,1,1,0,1,0,0,1,1,0
0.591837,0.688584,1.000000,0,1,0,1,0,0,0,1,1,0,1,0,0,1,0,1,1,0
0.591837,0.584979,0.666667,0,1,1,0,0,0,1,0,0,1,0,1,1,0,0,1,1,0
0.387755,0.348330,0.000000,1,0,0,0,0,1,1,0,1,0,1,0,1,0,0,1,0,1
0.612245,0.646806,0.000000,1,0,1,0,0,0,1,0,0,1,1,0,1,0,0,1,0,1
0.469388,0.156214,1.000000,0,1,0,0,0,1,1,0,1,0,1,0,1,0,0,1,0,1
0.183673,0.281095,0.000000,1,0,0,1,0,0,0,1,1,0,1,0,1,0,0,1,1,0
0.510204,0.313721,0.666667,0,1,1,0,0,0,0,1,0,1,0,1,1,0,0,1,0,1
0.877551,0.629695,1.000000,0,1,0,1,0,0,1,0,0,1,1,0,1,0,1,0,0,1
0.693878,0.201354,0.666667,1,0,0,0,1,0,0,1,1,0,1,0,1,0,0,1,0,1
0.938776,0.540682,0.000000,1,0,0,0,1,0,1,0,1,0,0,1,1,0,0,1,0,1
0.979592,0.937602,0.666667,1,0,0,0,0,1,1,0,1,0,1,0,1,0,1,0,1,0
0.714286,0.452898,0.333333,1,0,0,0,0,1,1,0,1,0,1,0,1,0,0,1,1,0
0.040816,0.155460,0.666667,1,0,1,0,0,0,1,0,1,0,0,1,1,0,1,0,0,1
0.795918,0.588326,0.000000,1,0,1,0,0,0,0,1,0,1,1,0,1,0,0,1,1,0
0.959184,0.639407,0.000000,1,0,0,1,0,0,1,0,0,1,1,0,1,0,0,1,0,1
0.938776,0.864631,0.333333,1,0,1,0,0,0,0,1,0,1,1,0,1,0,0,1,1,0
0.693878,0.552018,1.000000,0,1,1,0,0,0,1,0,0,1,1,0,1,0,0,1,0,1
0.591837,0.305892,0.000000,1,0,1,0,0,0,1,0,0,1,0,1,1,0,0,1,0,1
0.204082,0.210379,0.333333,1,0,0,0,0,1,1,0,1,0,0,1,0,1,1,0,0,1
0.938776,0.756430,0.000000,0,1,0,0,0,1,1,0,1,0,1,0,1,0,1,0,0,1
0.142857,0.239329,0.333333,0,1,1,0,0,0,1,0,0,1,1,0,1,0,0,1,1,0
0.816327,0.794791,0.000000,0,1,0,0,1,0,1,0,0,1,1,0,0,1,1,0,1,0
0.326531,0.261925,0.666667,0,1,0,0,0,1,1,0,1,0,0,1,1,0,0,1,0,1
0.040816,0.238250,0.666667,1,0,1,0,0,0,0,1,0,1,1,0,1,0,0,1,0,1
0.918367,0.356500,0.000000,0,1,0,1,0,0,1,0,1,0,1,0,0,1,0,1,0,1
0.244898,0.399653,1.000000,1,0,0,0,1,0,1,0,1,0,1,0,1,0,0,1,0,1
0.714286,0.398848,0.333333,0,1,0,1,0,0,1,0,1,0,1,0,1,0,0,1,1,0
0.510204,0.540620,0.666667,0,1,0,0,0,1,0,1,1,0,0,1,1,0,0,1,1,0
0.918367,0.853546,0.666667,0,1,0,0,0,1,1,0,0,1,1,0,0,1,1,0,1,0
0.306122,0.339780,0.333333,0,1,1,0,0,0,1,0,0,1,1,0,1,0,1,0,1,0
0.469388,0.315609,0.666667,0,1,0,1,0,0,0,1,1,0,0,1,0,1,0,1,0,1
0.040816,0.053850,0.666667,1,0,0,0,1,0,1,0,0,1,1,0,1,0,0,1,1,0
0.653061,0.369061,0.000000,0,1,0,0,0,1,1,0,1,0,1,0,1,0,0,1,0,1
0.122449,0.265901,0.666667,0,1,0,1,0,0,1,0,1,0,1,0,1,0,0,1,0,1
0.857143,0.283778,0.000000,1,0,0,0,0,1,1,0,0,1,0,1,1,0,0,1,1,0
0.530612,0.177251,0.333333,1,0,0,0,0,1,1,0,0,1,1,0,1,0,0,1,1,0
0.102041,0.238515,0.666667,0,1,1,0,0,0,1,0,1,0,1,0,1,0,0,1,0,1
0.448980,0.137019,0.000000,1,0,1,0,0,0,1,0,0,1,0,1,0,1,0,1,0,1
0.632653,0.270052,1.000000,1,0,0,0,0,1,0,1,0,1,0,1,1,0,0,1,0,1
0.061224,0.043623,0.333333,1,0,0,0,0,1,0,1,1,0,0,1,1,0,0,1,0,1
0.448980,0.342244,0.000000,1,0,1,0,0,0,1,0,0,1,0,1,0,1,0,1,0,1
0.163265,0.327924,0.333333,0,1,0,1,0,0,1,0,0,1,0,1,1,0,1,0,1,0
0.040816,0.078734,0.333333,0,1,0,0,0,1,0,1,0,1,1,0,1,0,1,0,0,1
0.122449,0.061062,0.333333,0,1,1,0,0,0,0,1,0,1,0,1,0,1,1,0,0,1
0.387755,0.373276,0.000000,1,0,0,0,0,1,0,1,1,0,1,0,1,0,0,1,0,1
0.775510,0.499111,0.000000,0,1,1,0,0,0,1,0,0,1,0,1,1,0,0,1,0,1
0.693878,0.759887,0.000000,0,1,1,0,0,0,1,0,1,0,1,0,1,0,0,1,0,1
0.081633,0.253151,0.666667,0,1,1,0,0,0,1,0,0,1,0,1,1,0,0,1,0,1
0.346939,0.332652,1.000000,0,1,1,0,0,0,1,0,1,0,1,0,1,0,0,1,0,1
0.326531,0.378299,0.333333,0,1,0,1,0,0,1,0,1,0,1,0,1,0,0,1,1,0
1.000000,0.628811,0.666667,1,0,0,0,0,1,1,0,0,1,1,0,1,0,0,1,1,0
0.816327,0.883168,0.000000,1,0,1,0,0,0,0,1,0,1,1,0,1,0,0,1,1,0
0.448980,0.559990,0.000000,0,1,0,0,0,1,1,0,1,0,1,0,1,0,0,1,0,1
0.469388,0.431639,0.000000,1,0,1,0,0,0,1,0,1,0,1,0,1,0,1,0,1,0
0.510204,0.176210,0.000000,0,1,1,0,0,0,1,0,0,1,0,1,0,1,0,1,1,0
0.918367,0.534654,0.666667,0,1,1,0,0,0,1,0,0,1,0,1,1,0,0,1,1,0
0.081633,0.217510,0.333333,1,0,1,0,0,0,1,0,0,1,1,0,1,0,1,0,1,0
0.857143,0.888650,0.000000,0,1,0,1,0,0,0,1,0,1,1,0,1,0,0,1,1,0
0.959184,0.562536,0.000000,1,0,1,0,0,0,0,1,1,0,1,0,1,0,1,0,0,1
0.612245,0.232325,0.666667,1,0,1,0,0,0,1,0,1,0,1,0,1,0,1,0,0,1
0.408163,0.423426,0.000000,1,0,1,0,0,0,0,1,1,0,1,0,0,1,1,0,0,1
0.632653,0.475871,0.333333,0,1,0,1,0,0,1,0,1,0,1,0,1,0,1,0,1,0
0.040816,0.228187,0.000000,1,0,1,0,0,0,1,0,0,1,0,1,0,1,1,0,1,0
0.612245,0.505813,0.333333,1,0,0,0,0,1,1,0,0,1,0,1,1,0,0,1,1,0
0.408163,0.513675,0.666667,0,1,1,0,0,0,1,0,1,0,0,1,1,0,1,0,0,1
0.469388,0.288775,0.000000,1,0,1,0,0,0,1,0,0,1,0,1,1,0,0,1,0,1
1.000000,1.000000,0.666667,1,0,0,0,1,0,1,0,1,0,1,0,1,0,0,1,1,0
0.428571,0.171764,0.333333,0,1,1,0,0,0,1,0,1,0,1,0,0,1,0,1,0,1
0.938776,0.757292,1.000000,1,0,0,1,0,0,1,0,0,1,1,0,1,0,0,1,1,0
0.469388,0.193331,0.000000,0,1,1,0,0,0,1,0,1,0,0,1,1,0,1,0,1,0
0.755102,0.536478,0.666667,0,1,0,0,1,0,1,0,1,0,0,1,1,0,0,1,1,0
0.693878,0.220692,0.333333,0,1,1,0,0,0,1,0,0,1,1,0,0,1,1,0,1,0
0.244898,0.237253,0.000000,1,0,1,0,0,0,0,1,0,1,0,1,1,0,1,0,1,0
0.693878,0.752051,0.666667,0,1,1,0,0,0,1,0,1,0,1,0,1,0,0,1,1,0
0.163265,0.164700,0.666667,0,1,1,0,0,0,0,1,0,1,0,1,1,0,1,0,0,1
0.163265,0.271953,0.000000,1,0,1,0,0,0,1,0,0,1,1,0,1,0,0,1,1,0
0.571429,0.362441,0.333333,0,1,0,0,0,1,1,0,1,0,1,0,1,0,0,1,1,0
0.571429,0.629998,0.000000,1,0,0,0,0,1,1,0,0,1,1,0,1,0,1,0,0,1
0.693878,0.205849,0.000000,0,1,1,0,0,0,1,0,0,1,0,1,1,0,0,1,0,1
0.387755,0.240874,1.000000,0,1,1,0,0,0,0,1,1,0,0,1,1,0,0,1,0,1
0.081633,0.133364,0.333333,0,1,1,0,0,0,1,0,0,1,1,0,1,0,1,0,1,0
0.000000,0.161305,0.000000,0,1,1,0,0,0,0,1,1,0,0,1,1,0,1,0,1,0
0.918367,0.935973,0.000000,0,1,1,0,0,0,0,1,1,0,1,0,1,0,0,1,1,0
0.142857,0.171141,0.000000,1,0,1,0,0,0,1,0,0,1,1,0,1,0,1,0,0,1
1.000000,0.596264,0.000000,0,1,1,0,0,0,1,0,1,0,1,0,1,0,0,1,0,1
0.183673,0.271143,0.000000,0,1,1,0,0,0,0,1,0,1,1,0,0,1,0,1,1,0
0.877551,0.334846,0.000000,0,1,1,0,0,0,0,1,1,0,0,1,0,1,0,1,1,0
0.816327,0.483680,0.333333,0,1,0,0,0,1,1,0,1,0,1,0,1,0,0,1,1,0
0.081633,0.162076,0.000000,0,1,1,0,0,0,1,0,1,0,1,0,1,0,0,1,1,0
0.204082,0.140431,0.333333,0,1,0,0,0,1,0,1,0,1,0,1,1,0,0,1,1,0
0.102041,0.082768,0.000000,0,1,1,0,0,0,1,0,0,1,1,0,1,0,0,1,0,1
0.183673,0.216741,0.000000,0,1,0,0,1,0,1,0,0,1,1,0,1,0,0,1,0,1
0.183673,0.174513,0.000000,1,0,0,0,1,0,1,0,1,0,0,1,1,0,0,1,0,1
0.448980,0.460457,1.000000,1,0,1,0,0,0,1,0,1,0,1,0,1,0,1,0,0,1
0.428571,0.459070,0.000000,0,1,0,0,0,1,0,1,1,0,1,0,0,1,0,1,1,0
0.346939,0.405818,0.000000,1,0,1,0,0,0,1,0,1,0,1,0,1,0,0,1,0,1
0.387755,0.365606,0.666667,1,0,1,0,0,0,0,1,1,0,0,1,0,1,0,1,0,1
0.591837,0.638550,0.666667,0,1,1,0,0,0,1,0,0,1,1,0,1,0,0,1,1,0
0.489796,0.590105,0.333333,1,0,1,0,0,0,1,0,0,1,1,0,1,0,0,1,1,0
1.000000,0.662741,0.000000,1,0,1,0,0,0,1,0,0,1,1,0,1,0,1,0,0,1
0.795918,0.771909,1.000000,0,1,0,1,0,0,1,0,0,1,1,0,1,0,0,1,1,0
0.591837,0.385791,0.000000,1,0,0,1,0,0,0,1,1,0,1,0,1,0,0,1,1,0
1.000000,0.782237,0.666667,0,1,1,0,0,0,1,0,1,0,1,0,1,0,0,1,1,0
0.775510,0.341972,0.000000,0,1,0,0,0,1,0,1,0,1,1,0,1,0,0,1,1,0
0.387755,0.395888,0.000000,0,1,0,1,0,0,0,1,1,0,0,1,1,0,1,0,1,0
0.183673,0.125014,0.000000,0,1,1,0,0,0,0,1,1,0,0,1,0,1,0,1,1,0
0.836735,0.433189,0.000000,1,0,1,0,0,0,1,0,1,0,0,1,1,0,1,0,1,0
0.265306,0.412197,0.333333,0,1,1,0,0,0,0,1,0,1,0,1,1,0,1,0,0,1
0.265306,0.155625,0.000000,0,1,0,0,1,0,1,0,0,1,0,1,1,0,1,0,1,0
0.285714,0.436887,0.000000,1,0,0,0,0,1,1,0,1,0,1,0,1,0,0,1,0,1
0.795918,0.626748,1.000000,1,0,0,1,0,0,0,1,0,1,1,0,0,1,0,1,0,1
0.632653,0.201272,0.333333,1,0,1,0,0,0,0,1,0,1,1,0,1,0,1,0,1,0
0.959184,0.812888,0.666667,0,1,0,0,0,1,0,1,1,0,1,0,1,0,0,1,1,0
0.081633,0.221156,0.666667,1,0,1,0,0,0,1,0,0,1,1,0,1,0,1,0,0,1
0.163265,0.224608,0.666667,1,0,0,1,0,0,1,0,0,1,1,0,0,1,0,1,0,1
0.102041,0.134378,0.000000,0,1,1,0,0,0,1,0,1,0,1,0,1,0,0,1,0,1
0.163265,0.108148,0.666667,1,0,0,1,0,0,1,0,1,0,0,1,0,1,0,1,0,1
0.836735,0.877848,0.000000,1,0,1,0,0,0,0,1,1,0,1,0,1,0,0,1,1,0
1.000000,0.520499,0.333333,0,1,1,0,0,0,1,0,1,0,1,0,1,0,0,1,1,0
0.326531,0.257312,0.000000,1,0,1,0,0,0,1,0,1,0,1,0,1,0,0,1,0,1
0.653061,0.392514,0.666667,0,1,0,1,0,0,1,0,1,0,1,0,0,1,0,1,0,1
0.571429,0.563696,0.000000,0,1,0,0,1,0,0,1,1,0,1,0,1,0,1,0,0,1
0.102041,0.044601,1.000000,1,0,1,0,0,0,0,1,1,0,0,1,0,1,0,1,0,1
0.163265,0.281682,0.000000,0,1,0,1,0,0,1,0,0,1,0,1,1,0,0,1,0,1
0.448980,0.263831,1.000000,0,1,0,0,0,1,1,0,0,1,1,0,1,0,0,1,0,1
0.367347,0.280785,1.000000,0,1,0,0,0,1,1,0,1,0,0,1,1,0,0,1,0,1
0.959184,0.906077,0.000000,0,1,1,0,0,0,0,1,0,1,1,0,1,0,1,0,0,1
0.551020,0.534167,0.333333,1,0,0,0,0,1,1,0,1,0,1,0,1,0,1,0,1,0
0.102041,0.159617,0.666667,0,1,1,0,0,0,1,0,0,1,0,1,1,0,1,0,0,1
0.489796,0.221432,0.333333,1,0,0,0,0,1,1,0,0,1,0,1,0,1,0,1,1,0
0.061224,0.096615,1.000000,1,0,0,1,0,0,0,1,0,1,1,0,1,0,1,0,0,1
0.897959,0.331210,0.000000,1,0,1,0,0,0,0,1,1,0,0,1,1,0,0,1,1,0
0.632653,0.362787,0.666667,1,0,0,0,1,0,0,1,0,1,1,0,1,0,0,1,0,1
0.204082,0.315865,0.666667,1,0,0,0,0,1,1,0,0,1,0,1,1,0,1,0,0,1
0.408163,0.283595,1.000000,1,0,0,0,0,1,0,1,0,1,0,1,1,0,1,0,0,1
0.367347,0.123076,0.000000,0,1,0,0,0,1,0,1,0,1,0,1,0,1,0,1,0,1
0.081633,0.209340,0.000000,0,1,0,0,1,0,1,0,0,1,1,0,1,0,0,1,0,1
0.448980,0.410698,0.333333,1,0,0,0,0,1,1,0,0,1,1,0,1,0,1,0,1,0
0.448980,0.285602,0.000000,1,0,0,0,0,1,1,0,0,1,0,1,1,0,0,1,0,1
0.857143,0.711409,0.000000,1,0,1,0,0,0,1,0,1,0,1,0,1,0,1,0,0,1
0.102041,0.243510,0.000000,0,1,1,0,0,0,0,1,1,0,1,0,0,1,0,1,1,0
0.061224,0.222101,0.333333,0,1,1,0,0,0,1,0,1,0,0,1,0,1,0,1,1,0
0.816327,0.485492,0.000000,0,1,0,0,0,1,0,1,1,0,1,0,1,0,0,1,1,0
0.612245,0.436746,0.000000,1,0,0,0,1,0,0,1,0,1,1,0,1,0,0,1,1,0
0.918367,0.509516,0.000000,1,0,0,0,0,1,1,0,1,0,0,1,1,0,0,1,0,1
0.040816,0.200609,1.000000,0,1,0,0,0,1,0,1,1,0,0,1,1,0,1,0,0,1
1.000000,0.959003,0.666667,1,0,0,0,1,0,0,1,0,1,1,0,1,0,1,0,1,0
0.897959,0.884097,0.000000,1,0,1,0,0,0,0,1,1,0,1,0,1,0,0,1,1,0
0.367347,0.141479,0.000000,0,1,0,0,0,1,1,0,0,1,1,0,1,0,0,1,0,1
0.265306,0.402561,0.333333,0,1,1,0,0,0,1,0,1,0,0,1,1,0,0,1,1,0
0.489796,0.379282,0.000000,1,0,1,0,0,0,1,0,1,0,1,0,1,0,0,1,0,1
0.000000,0.074822,0.000000,0,1,0,1,0,0,1,0,1,0,0,1,1,0,1,0,1,0
0.571429,0.407608,0.333333,1,0,0,0,1,0,0,1,0,1,1,0,1,0,1,0,1,0
0.142857,0.298574,0.333333,0,1,0,0,0,1,1,0,1,0,1,0,1,0,0,1,1,0
0.959184,0.334905,0.000000,1,0,0,1,0,0,0,1,0,1,1,0,0,1,1,0,0,1
0.448980,0.549905,0.333333,0,1,0,0,0,1,1,0,0,1,0,1,1,0,1,0,1,0
0.285714,0.297915,0.333333,0,1,1,0,0,0,1,0,0,1,0,1,0,1,0,1,1,0
0.000000,0.182325,0.000000,1,0,1,0,0,0,1,0,0,1,1,0,1,0,0,1,0,1
0.938776,0.848310,0.333333,0,1,1,0,0,0,1,0,1,0,1,0,0,1,0,1,1,0
0.510204,0.587818,1.000000,1,0,1,0,0,0,1,0,0,1,1,0,1,0,1,0,0,1
0.081633,0.150127,1.000000,1,0,1,0,0,0,1,0,0,1,1,0,1,0,0,1,0,1
0.142857,0.076943,0.000000,0,1,0,0,0,1,1,0,0,1,0,1,0,1,0,1,0,1
0.428571,0.338315,0.333333,0,1,1,0,0,0,1,0,1,0,1,0,1,0,1,0,1,0
0.816327,0.399880,1.000000,1,0,1,0,0,0,1,0,0,1,0,1,1,0,0,1,0,1
0.306122,0.156967,0.333333,0,1,1,0,0,0,1,0,0,1,1,0,0,1,0,1,0,1
0.693878,0.553169,0.333333,1,0,0,1,0,0,1,0,1,0,1,0,1,0,0,1,1,0
0.102041,0.146345,0.000000,0,1,1,0,0,0,0,1,0,1,1,0,1,0,0,1,1,0
0.530612,0.589157,0.000000,1,0,1,0,0,0,0,1,1,0,1,0,0,1,0,1,1,0
0.673469,0.710814,0.666667,0,1,0,1,0,0,1,0,1,0,1,0,1,0,1,0,1,0
0.163265,0.274219,0.000000,1,0,0,0,0,1,1,0,0,1,1,0,1,0,0,1,0,1
0.489796,0.300804,0.000000,0,1,0,0,0,1,1,0,0,1,1,0,0,1,1,0,0,1
0.326531,0.473789,0.000000,0,1,0,0,0,1,1,0,1,0,1,0,1,0,1,0,0,1
0.734694,0.336727,0.666667,1,0,0,1,0,0,0,1,1,0,1,0,1,0,1,0,0,1
0.000000,0.062376,0.666667,0,1,0,1,0,0,1,0,0,1,0,1,0,1,0,1,0,1
0.591837,0.208640,0.666667,1,0,1,0,0,0,0,1,1,0,0,1,1,0,0,1,0,1
0.122449,0.148901,0.000000,1,0,1,0,0,0,1,0,0,1,1,0,1,0,0,1,0,1
0.020408,0.054171,0.333333,1,0,1,0,0,0,1,0,1,0,1,0,1,0,1,0,0,1
0.387755,0.177841,0.000000,1,0,0,0,0,1,1,0,0,1,1,0,0,1,0,1,0,1
0.551020,0.416705,0.000000,1,0,0,0,0,1,1,0,0,1,1,0,0,1,0,1,0,1
0.632653,0.627162,1.000000,0,1,0,1,0,0,1,0,0,1,1,0,1,0,1,0,0,1
1.000000,0.901369,1.000000,1,0,0,1,0,0,0,1,0,1,1,0,1,0,0,1,1,0
0.346939,0.111959,0.000000,1,0,0,1,0,0,1,0,0,1,0,1,1,0,0,1,0,1
0.918367,0.810503,0.666667,0,1,1,0,0,0,0,1,1,0,1,0,1,0,0,1,1,0
0.408163,0.365944,0.000000,0,1,0,1,0,0,0,1,1,0,1,0,1,0,0,1,1,0
0.612245,0.355655,0.666667,0,1,0,0,0,1,0,1,1,0,1,0,1,0,0,1,0,1
0.204082,0.118840,0.333333,1,0,1,0,0,0,0,1,0,1,1,0,1,0,0,1,0,1
0.571429,0.441265,0.000000,0,1,0,0,0,1,1,0,0,1,1,0,1,0,0,1,0,1
0.979592,0.544295,0.333333,0,1,1,0,0,0,0,1,0,1,1,0,1,0,0,1,1,0
0.877551,0.443015,0.666667,1,0,0,0,0,1,0,1,1,0,0,1,1,0,0,1,1,0
0.000000,0.190924,0.666667,1,0,0,1,0,0,0,1,1,0,1,0,1,0,0,1,0,1
0.734694,0.224078,0.000000,1,0,0,0,0,1,1,0,1,0,1,0,0,1,0,1,0,1
0.551020,0.647226,0.000000,0,1,0,1,0,0,0,1,1,0,1,0,1,0,1,0,0,1
0.857143,0.294169,0.666667,0,1,1,0,0,0,0,1,1,0,1,0,1,0,0,1,0,1
0.551020,0.562237,0.333333,1,0,0,0,0,1,0,1,0,1,1,0,1,0,1,0,1,0
0.265306,0.312438,0.666667,1,0,1,0,0,0,0,1,0,1,1,0,0,1,0,1,0,1
0.428571,0.291436,0.000000,0,1,0,0,1,0,0,1,1,0,1,0,1,0,1,0,0,1
0.714286,0.569366,0.666667,0,1,1,0,0,0,0,1,1,0,1,0,1,0,0,1,1,0
0.346939,0.307467,0.000000,0,1,0,1,0,0,1,0,1,0,0,1,0,1,1,0,1,0
0.142857,0.103749,0.333333,1,0,0,0,0,1,1,0,1,0,1,0,0,1,1,0,0,1
0.285714,0.327163,0.000000,0,1,0,0,0,1,0,1,0,1,1,0,1,0,0,1,1,0
0.367347,0.404036,0.000000,0,1,0,0,1,0,1,0,0,1,1,0,1,0,0,1,0,1
0.122449,0.076588,0.000000,1,0,0,0,0,1,0,1,0,1,0,1,1,0,0,1,1,0
0.428571,0.513424,0.333333,0,1,1,0,0,0,1,0,0,1,1,0,0,1,1,0,1,0
0.122449,0.279686,0.000000,0,1,1,0,0,0,1,0,0,1,0,1,1,0,1,0,1,0
0.795918,0.788683,0.333333,1,0,0,1,0,0,0,1,0,1,1,0,0,1,1,0,1,0
0.183673,0.233012,1.000000,1,0,0,0,0,1,1,0,0,1,0,1,1,0,0,1,0,1
0.979592,0.821732,1.000000,1,0,0,1,0,0,1,0,1,0,1,0,1,0,0,1,1,0
0.000000,0.113346,0.666667,1,0,1,0,0,0,1,0,0,1,1,0,1,0,1,0,0,1
0.306122,0.422044,0.000000,1,0,0,0,0,1,1,0,0,1,1,0,0,1,0,1,0,1
0.612245,0.221055,0.666667,0,1,0,0,1,0,1,0,0,1,1,0,1,0,0,1,0,1
0.102041,0.275790,0.333333,1,0,0,0,1,0,1,0,0,1,0,1,1,0,0,1,1,0
0.530612,0.372943,0.333333,0,1,0,0,0,1,1,0,0,1,1,0,0,1,1,0,1,0
0.428571,0.376599,0.666667,0,1,1,0,0,0,1,0,0,1,0,1,0,1,1,0,0,1
0.959184,0.568978,0.333333,0,1,1,0,0,0,1,0,1,0,1,0,0,1,1,0,0,1
0.857143,0.559914,0.666667,0,1,0,0,1,0,1,0,1,0,1,0,1,0,1,0,1,0
0.040816,0.226623,0.000000,0,1,1,0,0,0,1,0,0,1,0,1,1,0,1,0,1,0
0.551020,0.410399,0.000000,1,0,0,0,1,0,1,0,0,1,1,0,1,0,0,1,0,1
0.979592,0.745612,0.333333,0,1,0,1,0,0,1,0,1,0,1,0,0,1,0,1,1,0
0.938776,0.827486,0.000000,0,1,1,0,0,0,1,0,1,0,1,0,1,0,0,1,0,1
0.673469,0.247825,0.000000,1,0,1,0,0,0,1,0,0,1,1,0,1,0,0,1,0,1
0.326531,0.320461,0.666667,0,1,0,1,0,0,1,0,1,0,1,0,1,0,0,1,0,1
0.959184,0.642922,0.333333,1,0,0,0,0,1,1,0,0,1,1,0,1,0,0,1,1,0
0.653061,0.597618,0.000000,0,1,0,1,0,0,1,0,1,0,1,0,0,1,1,0,0,1
0.979592,0.691301,0.000000,1,0,1,0,0,0,1,0,0,1,1,0,0,1,0,1,0,1
0.918367,0.566397,0.000000,0,1,1,0,0,0,1,0,0,1,1,0,0,1,1,0,0,1
0.714286,0.327411,0.333333,1,0,1,0,0,0,0,1,0,1,0,1,1,0,0,1,1,0
0.306122,0.450701,0.000000,1,0,1,0,0,0,0,1,1,0,0,1,1,0,1,0,1,0
0.408163,0.333989,0.000000,0,1,0,0,0,1,1,0,0,1,1,0,1,0,1,0,0,1
0.775510,0.337147,0.333333,1,0,0,1,0,0,0,1,0,1,1,0,1,0,1,0,0,1
0.612245,0.654602,0.333333,0,1,0,0,0,1,0,1,1,0,1,0,1,0,0,1,1,0
0.632653,0.433346,0.000000,1,0,0,0,1,0,1,0,1,0,0,1,1,0,1,0,1,0
0.734694,0.777273,0.666667,1,0,0,1,0,0,1,0,0,1,1,0,1,0,1,0,1,0
0.469388,0.308038,0.000000,1,0,0,0,1,0,1,0,0,1,0,1,1,0,0,1,0,1
0.020408,0.078783,0.000000,0,1,0,1,0,0,0,1,0,1,1,0,1,0,0,1,1,0
0.693878,0.503122,1.000000,1,0,1,0,0,0,0,1,1,0,0,1,1,0,0,1,0,1
0.693878,0.305908,0.333333,1,0,1,0,0,0,1,0,1,0,1,0,0,1,0,1,1,0
0.938776,0.801959,0.666667,1,0,0,0,0,1,0,1,1,0,1,0,1,0,0,1,1,0
0.775510,0.256465,1.000000,0,1,0,0,0,1,1,0,0,1,1,0,1,0,1,0,0,1
0.775510,0.423480,0.666667,0,1,0,0,0,1,1,0,0,1,0,1,1,0,0,1,0,1
0.020408,0.129651,0.000000,1,0,0,0,0,1,1,0,0,1,1,0,1,0,0,1,0,1
0.775510,0.796427,0.333333,1,0,0,0,0,1,1,0,1,0,1,0,0,1,0,1,1,0
0.183673,0.212517,0.666667,0,1,1,0,0,0,1,0,1,0,1,0,0,1,0,1,1,0
0.836735,0.427640,0.333333,1,0,1,0,0,0,0,1,1,0,0,1,1,0,0,1,1,0
0.775510,0.735358,0.000000,0,1,1,0,0,0,1,0,1,0,1,0,1,0,1,0,0,1
0.061224,0.107841,0.000000,0,1,0,0,0,1,1,0,0,1,1,0,1,0,1,0,0,1
0.938776,0.500028,1.000000,0,1,1,0,0,0,1,0,0,1,1,0,0,1,1,0,0,1
0.897959,0.720219,0.000000,0,1,1,0,0,0,1,0,0,1,1,0,1,0,0,1,0,1
0.530612,0.575393,0.666667,1,0,1,0,0,0,0,1,0,1,1,0,1,0,0,1,1,0
0.122449,0.047184,0.000000,1,0,1,0,0,0,0,1,0,1,0,1,0,1,0,1,1,0
0.693878,0.402637,0.000000,1,0,1,0,0,0,1,0,0,1,0,1,1,0,0,1,0,1
1.000000,0.725867,0.666667,1,0,0,0,1,0,1,0,0,1,1,0,1,0,0,1,1,0
0.469388,0.272767,0.000000,0,1,1,0,0,0,1,0,1,0,1,0,1,0,0,1,0,1
0.816327,0.485067,0.333333,1,0,0,0,0,1,0,1,0,1,0,1,0,1,1,0,1,0
0.448980,0.340858,0.666667,0,1,1,0,0,0,0,1,0,1,0,1,1,0,0,1,0,1
0.020408,0.223219,0.000000,0,1,0,0,1,0,1,0,0,1,0,1,1,0,1,0,1,0
0.040816,0.084239,1.000000,1,0,1,0,0,0,1,0,0,1,0,1,1,0,0,1,0,1
0.775510,0.370442,0.000000,1,0,0,0,0,1,0,1,1,0,1,0,1,0,0,1,1,0
0.571429,0.474385,0.666667,1,0,1,0,0,0,1,0,1,0,1,0,1,0,0,1,0,1
0.244898,0.165056,0.333333,0,1,1,0,0,0,1,0,0,1,0,1,1,0,0,1,0,1
0.448980,0.513157,0.333333,1,0,0,0,0,1,1,0,1,0,1,0,1,0,0,1,1,0
0.367347,0.376947,0.000000,1,0,0,0,0,1,1,0,0,1,0,1,1,0,0,1,0,1
0.795918,0.571859,1.000000,1,0,1,0,0,0,0,1,1,0,0,1,1,0,1,0,0,1
0.632653,0.183683,0.000000,0,1,1,0,0,0,0,1,0,1,0,1,1,0,0,1,0,1
0.877551,0.432644,0.333333,0,1,1,0,0,0,0,1,1,0,0,1,0,1,0,1,1,0
0.224490,0.165669,0.000000,0,1,1,0,0,0,0,1,1,0,0,1,1,0,0,1,1,0
0.612245,0.187885,0.000000,1,0,1,0,0,0,1,0,0,1,1,0,0,1,0,1,0,1
0.775510,0.675789,0.000000,1,0,1,0,0,0,1,0,0,1,1,0,1,0,0,1,0,1
0.448980,0.295666,0.000000,0,1,0,0,0,1,0,1,1,0,0,1,1,0,0,1,1,0
0.816327,0.571859,1.000000,1,0,0,0,0,1,1,0,1,0,1,0,0,1,0,1,0,1
0.857143,0.293190,0.666667,1,0,1,0,0,0,1,0,1,0,1,0,0,1,1,0,0,1
0.816327,0.351957,0.000000,1,0,0,0,1,0,0,1,1,0,0,1,0,1,1,0,1,0
1.000000,0.317842,1.000000,1,0,0,0,0,1,1,0,1,0,0,1,0,1,1,0,0,1
0.448980,0.357121,0.000000,0,1,0,1,0,0,1,0,1,0,1,0,0,1,0,1,0,1
0.612245,0.501894,0.666667,0,1,1,0,0,0,1,0,0,1,1,0,1,0,0,1,1,0
0.938776,0.902168,0.333333,1,0,1,0,0,0,0,1,0,1,1,0,1,0,0,1,1,0
0.510204,0.568615,0.000000,0,1,0,0,0,1,1,0,1,0,1,0,0,1,1,0,0,1
0.326531,0.248935,0.000000,1,0,0,1,0,0,0,1,0,1,0,1,1,0,1,0,1,0
0.163265,0.250355,1.000000,0,1,0,1,0,0,0,1,1,0,0,1,0,1,1,0,0,1
0.612245,0.577883,0.000000,0,1,1,0,0,0,1,0,1,0,0,1,1,0,0,1,0,1
0.346939,0.270840,0.000000,0,1,1,0,0,0,0,1,0,1,0,1,0,1,1,0,1,0
0.122449,0.152289,1.000000,1,0,1,0,0,0,1,0,0,1,1,0,1,0,0,1,1,0
0.591837,0.543479,1.000000,0,1,0,0,1,0,1,0,1,0,1,0,1,0,0,1,1,0
0.693878,0.702766,0.333333,0,1,0,0,1,0,0,1,0,1,1,0,1,0,0,1,1,0
0.265306,0.298509,0.000000,0,1,0,0,1,0,0,1,0,1,1,0,1,0,0,1,1,0
0.469388,0.291999,0.333333,1,0,0,0,1,0,1,0,1,0,0,1,0,1,0,1,1,0
0.102041,0.104254,0.666667,0,1,0,0,1,0,1,0,0,1,1,0,0,1,0,1,0,1
0.183673,0.226174,0.333333,1,0,1,0,0,0,0,1,1,0,0,1,1,0,1,0,1,0
0.081633,0.039404,0.000000,0,1,1,0,0,0,0,1,1,0,1,0,1,0,1,0,0,1
1.000000,0.913309,0.666667,1,0,1,0,0,0,0,1,1,0,1,0,1,0,0,1,1,0
0.163265,0.197956,0.000000,1,0,1,0,0,0,1,0,1,0,0,1,1,0,0,1,1,0
0.816327,0.713183,0.000000,1,0,0,0,1,0,1,0,0,1,1,0,1,0,0,1,0,1
0.183673,0.258871,0.000000,0,1,0,1,0,0,1,0,0,1,1,0,1,0,1,0,0,1
0.367347,0.129379,0.333333,0,1,1,0,0,0,0,1,0,1,1,0,0,1,1,0,0,1
0.265306,0.306875,0.333333,0,1,0,1,0,0,1,0,1,0,0,1,0,1,0,1,1,0
0.204082,0.355930,0.666667,1,0,0,0,0,1,1,0,1,0,1,0,0,1,0,1,1,0
0.795918,0.285608,0.000000,0,1,0,0,0,1,1,0,0,1,1,0,1,0,1,0,0,1
0.938776,0.756019,0.000000,0,1,1,0,0,0,1,0,1,0,1,0,1,0,1,0,0,1
0.632653,0.626744,0.333333,0,1,1,0,0,0,0,1,0,1,1,0,0,1,0,1,1,0
0.081633,0.110070,0.333333,0,1,1,0,0,0,1,0,1,0,0,1,1,0,0,1,0,1
0.816327,0.669806,0.000000,1,0,1,0,0,0,1,0,1,0,1,0,1,0,0,1,0,1
0.040816,0.210361,0.333333,0,1,0,0,0,1,0,1,1,0,0,1,1,0,0,1,1,0
0.530612,0.438339,0.000000,1,0,0,1,0,0,1,0,0,1,1,0,1,0,0,1,0,1
0.959184,0.427630,1.000000,1,0,0,0,0,1,1,0,0,1,1,0,0,1,0,1,0,1
0.714286,0.467517,0.666667,1,0,1,0,0,0,1,0,1,0,0,1,0,1,0,1,1,0
0.326531,0.211551,0.333333,1,0,1,0,0,0,1,0,1,0,0,1,1,0,1,0,1,0
0.346939,0.393175,0.666667,0,1,0,1,0,0,0,1,0,1,1,0,1,0,1,0,0,1
0.612245,0.411357,0.000000,0,1,0,0,0,1,1,0,0,1,1,0,0,1,1,0,0,1
0.938776,0.918047,0.333333,1,0,0,0,0,1,1,0,1,0,1,0,1,0,0,1,1,0
0.571429,0.203646,0.000000,0,1,0,0,0,1,0,1,1,0,1,0,1,0,1,0,0,1
0.489796,0.397900,0.000000,1,0,0,1,0,0,1,0,0,1,0,1,1,0,1,0,1,0
0.591837,0.310139,0.000000,0,1,1,0,0,0,1,0,1,0,1,0,0,1,0,1,0,1
0.102041,0.115677,0.666667,0,1,0,0,0,1,0,1,1,0,1,0,1,0,1,0,0,1
0.346939,0.197283,0.000000,0,1,1,0,0,0,1,0,1,0,0,1,0,1,1,0,1,0
0.938776,0.454290,0.333333,1,0,1,0,0,0,0,1,1,0,1,0,0,1,1,0,1,0
0.000000,0.122223,0.333333,1,0,0,0,1,0,1,0,0,1,0,1,1,0,0,1,0,1
0.020408,0.179003,0.333333,0,1,1,0,0,0,1,0,1,0,0,1,1,0,0,1,0,1
0.448980,0.419857,0.333333,0,1,1,0,0,0,1,0,0,1,1,0,0,1,1,0,1,0
0.591837,0.682565,0.000000,0,1,1,0,0,0,1,0,1,0,1,0,1,0,0,1,0,1
0.510204,0.538008,0.000000,1,0,0,1,0,0,1,0,1,0,1,0,1,0,0,1,0,1
0.408163,0.486762,0.000000,0,1,0,0,0,1,0,1,1,0,0,1,1,0,1,0,1,0
0.061224,0.185541,0.000000,1,0,0,1,0,0,1,0,0,1,1,0,1,0,0,1,1,0
0.448980,0.462018,0.000000,0,1,0,1,0,0,1,0,1,0,1,0,1,0,0,1,0,1
0.693878,0.666002,0.000000,1,0,0,0,0,1,1,0,0,1,1,0,1,0,0,1,0,1
0.346939,0.443687,0.666667,1,0,0,0,0,1,1,0,0,1,0,1,1,0,0,1,1,0
0.714286,0.756375,1.000000,0,1,0,1,0,0,1,0,1,0,1,0,0,1,0,1,1,0
0.408163,0.499815,0.000000,1,0,0,1,0,0,0,1,1,0,1,0,1,0,0,1,1,0
0.489796,0.411667,1.000000,0,1,1,0,0,0,1,0,1,0,0,1,0,1,0,1,0,1
0.510204,0.576878,0.000000,0,1,0,0,0,1,0,1,1,0,1,0,0,1,1,0,0,1
0.836735,0.379085,0.000000,1,0,1,0,0,0,0,1,0,1,0,1,1,0,0,1,1,0
0.836735,0.796169,0.000000,1,0,0,1,0,0,0,1,1,0,1,0,1,0,1,0,0,1
0.122449,0.195093,0.000000,0,1,1,0,0,0,0,1,0,1,1,0,1,0,1,0,0,1
0.183673,0.117906,0.000000,1,0,1,0,0,0,1,0,1,0,1,0,1,0,0,1,0,1
0.285714,0.142016,0.000000,1,0,0,0,0,1,1,0,1,0,1,0,1,0,1,0,0,1
0.959184,0.972890,0.000000,1,0,1,0,0,0,1,0,0,1,1,0,1,0,0,1,0,1
0.000000,0.149460,0.333333,0,1,0,0,1,0,0,1,0,1,1,0,1,0,0,1,0,1
0.979592,0.721828,0.333333,0,1,0,0,0,1,1,0,0,1,1,0,1,0,0,1,1,0
0.469388,0.317665,0.000000,0,1,1,0,0,0,1,0,1,0,0,1,1,0,1,0,1,0
0.938776,0.336223,0.000000,1,0,0,0,1,0,1,0,1,0,1,0,0,1,1,0,0,1
0.102041,0.224307,0.000000,1,0,1,0,0,0,1,0,1,0,0,1,1,0,1,0,1,0
0.224490,0.175914,0.666667,1,0,0,1,0,0,1,0,1,0,0,1,1,0,0,1,0,1
0.204082,0.267410,0.000000,0,1,0,0,0,1,0,1,1,0,1,0,1,0,0,1,1,0
0.795918,0.402773,0.666667,1,0,0,0,0,1,1,0,1,0,1,0,1,0,1,0,0,1
0.408163,0.290149,0.000000,0,1,1,0,0,0,1,0,0,1,0,1,1,0,0,1,0,1
0.326531,0.134146,1.000000,1,0,0,0,1,0,0,1,0,1,1,0,1,0,0,1,1,0
0.510204,0.173708,0.000000,0,1,0,0,1,0,1,0,0,1,0,1,1,0,0,1,1,0
0.918367,0.557515,1.000000,0,1,0,0,0,1,0,1,1,0,1,0,1,0,0,1,0,1
0.897959,0.628183,0.000000,1,0,1,0,0,0,1,0,0,1,1,0,1,0,1,0,0,1
0.673469,0.350310,0.000000,1,0,1,0,0,0,1,0,1,0,1,0,1,0,0,1,0,1
0.877551,0.277473,0.666667,0,1,1,0,0,0,1,0,1,0,1,0,0,1,0,1,0,1
0.469388,0.391345,0.000000,1,0,0,0,0,1,0,1,0,1,1,0,1,0,0,1,1,0
0.265306,0.303943,0.333333,1,0,0,0,0,1,0,1,1,0,1,0,1,0,1,0,1,0
0.306122,0.123276,0.666667,1,0,0,0,0,1,1,0,0,1,1,0,1,0,1,0,0,1
0.510204,0.362938,0.333333,0,1,0,1,0,0,0,1,0,1,0,1,1,0,0,1,1,0
0.448980,0.385495,0.000000,0,1,1,0,0,0,1,0,0,1,1,0,1,0,1,0,0,1
0.591837,0.315284,0.666667,0,1,0,0,0,1,1,0,0,1,1,0,1,0,1,0,0,1
0.571429,0.660427,0.333333,0,1,0,0,0,1,0,1,1,0,1,0,1,0,0,1,1,0
0.244898,0.112224,0.666667,0,1,0,1,0,0,1,0,0,1,0,1,1,0,1,0,0,1
0.591837,0.682161,0.666667,0,1,1,0,0,0,0,1,1,0,1,0,1,0,0,1,1,0
0.530612,0.477465,0.000000,0,1,0,1,0,0,0,1,0,1,1,0,1,0,1,0,0,1
0.102041,0.195981,0.000000,0,1,0,1,0,0,1,0,1,0,1,0,0,1,0,1,0,1
0.204082,0.278246,0.333333,1,0,1,0,0,0,1,0,1,0,1,0,1,0,0,1,1,0
0.938776,0.772647,0.000000,1,0,1,0,0,0,1,0,1,0,1,0,1,0,1,0,0,1
0.346939,0.285801,0.000000,1,0,0,0,0,1,1,0,0,1,1,0,0,1,1,0,0,1
0.020408,0.199802,0.333333,0,1,0,1,0,0,1,0,0,1,0,1,1,0,0,1,1,0
0.183673,0.154868,1.000000,1,0,0,0,0,1,1,0,0,1,1,0,0,1,0,1,0,1
0.183673,0.264903,0.666667,0,1,1,0,0,0,1,0,0,1,1,0,0,1,0,1,1,0
0.816327,0.458688,0.333333,1,0,1,0,0,0,1,0,1,0,1,0,0,1,1,0,1,0
0.571429,0.208807,0.333333,1,0,0,0,0,1,0,1,1,0,1,0,1,0,0,1,1,0
0.877551,0.391323,0.000000,1,0,0,0,0,1,1,0,1,0,1,0,0,1,1,0,1,0
0.836735,0.618345,0.000000,0,1,1,0,0,0,0,1,0,1,1,0,1,0,0,1,1,0
0.591837,0.666410,1.000000,1,0,0,1,0,0,1,0,0,1,1,0,1,0,0,1,0,1
0.530612,0.575500,0.000000,0,1,1,0,0,0,1,0,0,1,0,1,0,1,1,0,1,0
0.653061,0.618741,0.666667,0,1,0,0,0,1,0,1,1,0,1,0,1,0,1,0,1,0
0.938776,0.715358,0.000000,0,1,1,0,0,0,0,1,0,1,1,0,1,0,0,1,1,0
0.673469,0.667380,0.000000,1,0,0,0,0,1,0,1,0,1,1,0,1,0,1,0,0,1
0.571429,0.239143,0.000000,1,0,0,0,0,1,1,0,1,0,0,1,1,0,0,1,1,0
0.428571,0.391487,1.000000,1,0,1,0,0,0,1,0,1,0,1,0,0,1,0,1,0,1
0.816327,0.481677,0.333333,1,0,1,0,0,0,0,1,1,0,0,1,1,0,0,1,1,0
0.285714,0.366700,0.000000,1,0,0,0,0,1,1,0,1,0,0,1,0,1,0,1,0,1
0.081633,0.177129,0.000000,1,0,1,0,0,0,0,1,1,0,1,0,1,0,1,0,0,1
0.918367,0.942795,0.333333,1,0,1,0,0,0,1,0,1,0,1,0,1,0,0,1,1,0
0.346939,0.406844,0.000000,1,0,0,0,0,1,1,0,1,0,1,0,1,0,0,1,0,1
0.836735,0.312493,0.000000,1,0,1,0,0,0,1,0,0,1,0,1,0,1,1,0,1,0
0.081633,0.113243,0.000000,1,0,0,0,1,0,0,1,1,0,1,0,1,0,0,1,1,0
0.857143,0.781124,0.666667,0,1,0,0,1,0,0,1,0,1,1,0,1,0,1,0,1,0
0.102041,0.106702,0.666667,1,0,0,1,0,0,1,0,1,0,1,0,1,0,0,1,1,0
0.224490,0.143052,0.000000,1,0,0,0,0,1,1,0,0,1,1,0,0,1,0,1,0,1
0.530612,0.190560,1.000000,0,1,1,0,0,0,1,0,0,1,1,0,1,0,0,1,0,1
0.918367,0.669848,0.000000,1,0,0,0,0,1,1,0,1,0,1,0,1,0,1,0,0,1
0.142857,0.163313,1.000000,1,0,0,1,0,0,0,1,0,1,1,0,1,0,0,1,0,1
0.387755,0.496804,0.000000,0,1,1,0,0,0,0,1,1,0,1,0,0,1,0,1,1,0
0.612245,0.200432,0.333333,1,0,1,0,0,0,1,0,0,1,1,0,1,0,0,1,1,0
0.346939,0.262379,0.000000,1,0,0,0,0,1,0,1,0,1,1,0,0,1,0,1,1,0
0.673469,0.492141,0.333333,0,1,0,0,0,1,1,0,0,1,1,0,0,1,1,0,1,0
0.183673,0.292397,1.000000,1,0,0,0,0,1,0,1,0,1,0,1,1,0,0,1,0,1
0.775510,0.412398,1.000000,1,0,1,0,0,0,1,0,1,0,1,0,1,0,1,0,0,1
0.408163,0.123025,0.666667,1,0,1,0,0,0,1,0,1,0,0,1,1,0,0,1,1,0
0.367347,0.210502,0.666667,1,0,0,0,0,1,1,0,1,0,1,0,1,0,0,1,0,1
0.183673,0.131967,1.000000,0,1,0,0,1,0,0,1,0,1,1,0,1,0,1,0,0,1
0.326531,0.194040,0.000000,1,0,0,0,0,1,1,0,1,0,1,0,0,1,1,0,0,1
0.530612,0.235617,0.000000,0,1,0,0,1,0,1,0,1,0,1,0,1,0,1,0,1,0
0.510204,0.246278,0.333333,1,0,1,0,0,0,1,0,0,1,0,1,1,0,0,1,1,0
0.285714,0.163425,0.666667,0,1,1,0,0,0,0,1,0,1,1,0,0,1,1,0,0,1
0.061224,0.097354,0.333333,1,0,0,0,0,1,0,1,0,1,1,0,1,0,1,0,0,1
0.244898,0.358186,0.666667,1,0,1,0,0,0,1,0,0,1,0,1,1,0,0,1,0,1
0.755102,0.662216,0.333333,0,1,0,1,0,0,1,0,1,0,1,0,1,0,0,1,0,1
0.938776,0.931946,0.333333,0,1,0,0,1,0,1,0,0,1,1,0,1,0,0,1,1,0
0.367347,0.389372,0.333333,1,0,1,0,0,0,0,1,1,0,0,1,0,1,0,1,1,0
0.836735,0.431092,0.333333,0,1,1,0,0,0,0,1,0,1,1,0,1,0,0,1,1,0
0.857143,0.425016,0.000000,0,1,1,0,0,0,1,0,1,0,0,1,1,0,1,0,1,0
0.183673,0.153765,0.333333,1,0,0,0,0,1,0,1,1,0,1,0,1,0,1,0,0,1
0.224490,0.087040,0.000000,0,1,1,0,0,0,1,0,0,1,0,1,1,0,0,1,0,1
0.714286,0.565016,0.333333,1,0,1,0,0,0,0,1,0,1,1,0,1,0,0,1,1,0
0.877551,0.897555,0.666667,1,0,0,1,0,0,0,1,0,1,1,0,1,0,0,1,1,0
0.510204,0.581077,0.000000,1,0,1,0,0,0,1,0,0,1,1,0,1,0,0,1,0,1
0.020408,0.089091,0.000000,0,1,1,0,0,0,1,0,0,1,1,0,1,0,1,0,1,0
0.612245,0.289201,0.333333,1,0,1,0,0,0,1,0,1,0,1,0,0,1,1,0,1,0
0.428571,0.557073,0.666667,0,1,0,1,0,0,1,0,0,1,1,0,1,0,0,1,1,0
0.285714,0.165423,0.666667,0,1,1,0,0,0,1,0,1,0,1,0,1,0,0,1,0,1
0.918367,0.752914,0.333333,0,1,0,0,1,0,1,0,1,0,1,0,0,1,1,0,1,0
0.571429,0.276723,0.333333,0,1,0,1,0,0,1,0,1,0,1,0,1,0,0,1,1,0
0.448980,0.537593,0.000000,0,1,1,0,0,0,0,1,0,1,0,1,1,0,1,0,1,0
0.183673,0.176674,0.000000,1,0,1,0,0,0,0,1,1,0,0,1,0,1,1,0,1,0
0.081633,0.074038,0.666667,0,1,0,0,1,0,1,0,1,0,1,0,1,0,0,1,0,1
0.489796,0.270528,0.333333,0,1,0,1,0,0,1,0,1,0,1,0,1,0,0,1,1,0
0.816327,0.819884,0.333333,1,0,0,0,0,1,1,0,1,0,1,0,1,0,1,0,1,0
0.102041,0.051724,0.333333,1,0,1,0,0,0,1,0,1,0,0,1,1,0,0,1,0,1
0.816327,0.468567,1.000000,0,1,0,0,1,0,1,0,0,1,0,1,0,1,0,1,0,1
0.551020,0.621052,0.666667,0,1,1,0,0,0,1,0,1,0,1,0,1,0,0,1,0,1
0.632653,0.590959,0.000000,1,0,0,0,1,0,1,0,1,0,0,1,0,1,1,0,0,1
1.000000,0.534823,1.000000,1,0,1,0,0,0,1,0,1,0,1,0,1,0,0,1,0,1
0.040816,0.046626,0.666667,1,0,0,0,0,1,1,0,1,0,1,0,1,0,0,1,0,1
0.510204,0.233182,0.333333,1,0,0,1,0,0,1,0,1,0,1,0,1,0,1,0,1,0
0.469388,0.346182,0.000000,0,1,0,1,0,0,1,0,0,1,0,1,1,0,0,1,0,1
0.408163,0.452138,0.000000,1,0,0,0,1,0,1,0,0,1,1,0,1,0,0,1,0,1
1.000000,0.341459,0.000000,1,0,0,0,1,0,1,0,0,1,0,1,1,0,1,0,1,0
0.448980,0.195895,0.333333,0,1,1,0,0,0,0,1,0,1,1,0,1,0,0,1,1,0
0.142857,0.314435,0.000000,1,0,0,0,1,0,0,1,0,1,0,1,1,0,1,0,1,0
0.795918,0.789515,0.000000,1,0,0,1,0,0,1,0,0,1,1,0,1,0,0,1,0,1
0.285714,0.299957,0.333333,1,0,1,0,0,0,0,1,0,1,0,1,1,0,1,0,1,0
0.530612,0.311066,0.000000,0,1,0,0,1,0,1,0,1,0,0,1,1,0,1,0,1,0
0.244898,0.341617,0.000000,0,1,0,0,0,1,1,0,1,0,1,0,0,1,0,1,0,1
0.510204,0.296313,0.000000,0,1,0,0,0,1,1,0,0,1,0,1,1,0,1,0,0,1
0.020408,0.212625,0.666667,1,0,1,0,0,0,1,0,1,0,1,0,1,0,0,1,0,1
0.387755,0.422600,0.000000,1,0,0,0,0,1,1,0,1,0,1,0,1,0,0,1,0,1
0.632653,0.222486,0.333333,0,1,1,0,0,0,0,1,1,0,1,0,1,0,1,0,1,0
0.632653,0.493003,1.000000,1,0,0,1,0,0,0,1,1,0,0,1,1,0,0,1,0,1
0.448980,0.536032,0.000000,0,1,1,0,0,0,1,0,0,1,0,1,0,1,0,1,0,1
0.306122,0.390576,0.666667,1,0,0,0,1,0,0,1,0,1,1,0,1,0,0,1,1,0
0.428571,0.299169,0.666667,0,1,0,0,0,1,1,0,1,0,1,0,1,0,0,1,0,1
0.510204,0.403602,0.000000,1,0,1,0,0,0,1,0,1,0,1,0,1,0,0,1,0,1
0.387755,0.438327,0.000000,0,1,0,0,0,1,1,0,0,1,1,0,1,0,1,0,0,1
0.122449,0.243412,0.333333,1,0,0,0,0,1,1,0,1,0,1,0,1,0,0,1,1,0
0.897959,0.693929,0.000000,0,1,0,0,0,1,1,0,1,0,1,0,0,1,0,1,1,0
0.000000,0.022025,0.000000,0,1,1,0,0,0,0,1,0,1,1,0,1,0,1,0,0,1
0.591837,0.346093,0.000000,1,0,0,0,0,1,1,0,1,0,0,1,0,1,0,1,0,1
0.918367,0.806408,0.666667,0,1,0,0,1,0,1,0,1,0,1,0,0,1,1,0,1,0
0.040816,0.131301,0.666667,0,1,0,0,0,1,1,0,1,0,0,1,1,0,1,0,0,1
0.571429,0.292006,1.000000,1,0,0,0,0,1,0,1,0,1,1,0,0,1,0,1,0,1
0.591837,0.414325,0.666667,1,0,0,1,0,0,0,1,1,0,1,0,1,0,0,1,0,1
0.306122,0.318574,0.333333,0,1,0,0,0,1,1,0,0,1,1,0,1,0,1,0,1,0
0.040816,0.077478,1.000000,0,1,0,0,0,1,0,1,1,0,1,0,1,0,0,1,0,1
0.040816,0.229725,0.333333,0,1,1,0,0,0,1,0,0,1,0,1,1,0,0,1,1,0
0.510204,0.451849,0.333333,1,0,0,0,0,1,0,1,1,0,1,0,0,1,0,1,1,0
0.816327,0.768454,0.000000,0,1,0,1,0,0,1,0,0,1,1,0,1,0,0,1,0,1
0.224490,0.130931,0.333333,0,1,0,0,1,0,1,0,1,0,1,0,1,0,0,1,0,1
0.142857,0.323567,0.000000,0,1,1,0,0,0,1,0,0,1,0,1,0,1,0,1,0,1
0.448980,0.455292,0.666667,1,0,1,0,0,0,0,1,0,1,1,0,1,0,1,0,1,0
0.612245,0.262472,0.000000,0,1,0,0,0,1,1,0,0,1,1,0,1,0,0,1,0,1
0.959184,0.798453,0.666667,0,1,0,0,1,0,1,0,0,1,1,0,1,0,0,1,1,0
0.836735,0.446652,1.000000,1,0,0,1,0,0,1,0,1,0,1,0,1,0,1,0,0,1
0.877551,0.722880,0.666667,1,0,1,0,0,0,0,1,1,0,1,0,1,0,1,0,0,1
0.244898,0.080151,0.000000,1,0,1,0,0,0,1,0,1,0,1,0,1,0,0,1,0,1
0.265306,0.188625,0.000000,1,0,0,0,0,1,1,0,1,0,1,0,0,1,0,1,1,0
0.224490,0.166866,0.000000,0,1,1,0,0,0,1,0,0,1,1,0,0,1,1,0,0,1
0.408163,0.372659,0.000000,0,1,0,0,0,1,0,1,1,0,0,1,1,0,1,0,1,0
